{"train/loss": 1.1818, "train/grad_norm": 3.8320207595825195, "train/learning_rate": 7.153073658162646e-07, "train/epoch": 0.0045496375800064106, "train/global_step": 110, "_timestamp": 1727994467.584672, "_runtime": 218.38129901885986, "_step": 110, "train_runtime": 220.0338, "train_samples_per_second": 2.0, "train_steps_per_second": 0.5, "total_flos": 3286893266288640.0, "train_loss": 1.2247580755840648, "_wandb": {"runtime": 217}}