{"train/loss": 2.036, "train/grad_norm": NaN, "train/learning_rate": 0.00018181818181818183, "train/epoch": 0.00022367142667421557, "train/global_step": 8, "_timestamp": 1727946011.6113634, "_runtime": 453.60286951065063, "_step": 7, "_wandb": {"runtime": 534}}