{"eval/loss": 0.9976483583450317, "eval/accuracy": 0.596, "eval/runtime": 6.1209, "eval/samples_per_second": 163.374, "eval/steps_per_second": 20.422, "train/epoch": 3.0, "train/global_step": 375, "_timestamp": 1724931613.160202, "_runtime": 81.55138897895813, "_step": 3, "train_runtime": 83.1488, "train_samples_per_second": 36.08, "train_steps_per_second": 4.51, "total_flos": 789354427392000.0, "train_loss": 1.0778911946614584, "_wandb": {"runtime": 80}}