{"train/loss": 2.2578, "train/grad_norm": 2.9838008880615234, "train/learning_rate": 3.2000000000000005e-05, "train/epoch": 0.0014062516156383453, "train/global_step": 17, "_timestamp": 1728047914.120918, "_runtime": 84.78971099853516, "_step": 16, "_wandb": {"runtime": 84}}