{"train/loss": 1.2695, "train/grad_norm": 4.755803108215332, "train/learning_rate": 2.608695652173913e-06, "train/epoch": 0.03900853311661926, "train/global_step": 120, "_timestamp": 1726673327.846095, "_runtime": 16378.259942054749, "_step": 121, "train_runtime": 3568.0309, "train_samples_per_second": 0.135, "train_steps_per_second": 0.034, "total_flos": 6106038068994048.0, "train_loss": 1.423048196732998, "eval/loss": 1.2123217582702637, "eval/runtime": 12661.9791, "eval/samples_per_second": 0.324, "eval/steps_per_second": 0.324, "_wandb": {"runtime": 16379}}