{"train/loss": 1.8998, "train/grad_norm": 1.497371792793274, "train/learning_rate": 0.00019995608365087946, "train/epoch": 0.00010939602454846791, "train/global_step": 5, "_timestamp": 1727308884.0238254, "_runtime": 299.386310338974, "_step": 4}