{"train/loss": 1.0632, "train/grad_norm": 1.6474266052246094, "train/learning_rate": 0.00019500294173101687, "train/epoch": 0.016043062958467465, "train/global_step": 38, "_timestamp": 1728261667.907101, "_runtime": 1894.0831198692322, "_step": 37, "_wandb": {"runtime": 6804}}