{"train/loss": 1.1803, "train/grad_norm": 1.179296851158142, "train/learning_rate": 0.0, "train/epoch": 0.0033304318207622147, "train/global_step": 110, "_timestamp": 1727875514.3768609, "_runtime": 3976.7583198547363, "_step": 110, "train_runtime": 3978.324, "train_samples_per_second": 0.111, "train_steps_per_second": 0.028, "total_flos": 6094273259323392.0, "train_loss": 0.8684041006998582, "_wandb": {"runtime": 3976}}