{"train/loss": 1.0822, "train/grad_norm": 7.915262222290039, "train/learning_rate": 0.0001900968867902419, "train/epoch": 0.0007965320221190815, "train/global_step": 26, "_timestamp": 1727990968.2853487, "_runtime": 2131.668829679489, "_step": 25, "_wandb": {"runtime": 2959}}