{"train/loss": 0.0011, "train/grad_norm": 0.04261678457260132, "train/learning_rate": 0.0, "train/epoch": 0.00927357032457496, "train/global_step": 60, "_timestamp": 1725004747.8717427, "_runtime": 239.63620567321777, "_step": 60, "train_runtime": 241.2703, "train_samples_per_second": 1.989, "train_steps_per_second": 0.249, "total_flos": 627380559544320.0, "train_loss": 0.5298916698123018, "_wandb": {"runtime": 239}}