{"train/loss": 2.1245, "train/grad_norm": 1.9224895238876343, "train/learning_rate": 5e-05, "train/epoch": 1.093960245484679e-05, "train/global_step": 1, "_timestamp": 1727266155.7670264, "_runtime": 17.75388741493225, "_step": 0, "_wandb": {"runtime": 24}}