{"train/loss": 0.81, "train/grad_norm": 5.662646293640137, "train/learning_rate": 6.060606060606061e-08, "train/epoch": 0.02068017081821096, "train/global_step": 500, "_timestamp": 1728043321.09603, "_runtime": 1909.150906085968, "_step": 500, "train_runtime": 1910.7566, "train_samples_per_second": 1.047, "train_steps_per_second": 0.262, "total_flos": 1.4520687260000256e+16, "train_loss": 1.3675425981283187, "_wandb": {"runtime": 1908}}