{"train/loss": 0.1012, "train/grad_norm": 0.328935444355011, "train/learning_rate": 0.0, "train/epoch": 0.002270057375700171, "train/global_step": 100, "_timestamp": 1727249784.4964616, "_runtime": 7305.95498251915, "_step": 100, "train_runtime": 7307.5829, "train_samples_per_second": 0.055, "train_steps_per_second": 0.014, "total_flos": 1.287573914640384e+16, "train_loss": 0.5190057148039341, "_wandb": {"runtime": 7305}}