{"train/loss": 1.28, "train/grad_norm": 1.7326558828353882, "train/learning_rate": 8.055970837395065e-11, "train/epoch": 0.033121356650768416, "train/global_step": 500, "_timestamp": 1728062362.3034978, "_runtime": 2273.9129416942596, "_step": 500, "train_runtime": 2275.6033, "train_samples_per_second": 1.758, "train_steps_per_second": 0.22, "total_flos": 3.264371023188787e+16, "train_loss": 1.435408457994461, "_wandb": {"runtime": 2273}}