{"train/loss": 2.3157, "train/grad_norm": NaN, "train/learning_rate": 0.0, "train/epoch": 0.00011190376276402294, "train/global_step": 1, "_timestamp": 1728091772.2553995, "_runtime": 39.55563139915466, "_step": 0, "_wandb": {"runtime": 161}}