{"train/loss": 0.0013, "train/grad_norm": 0.06333530694246292, "train/learning_rate": 0.0, "train/epoch": 0.00927357032457496, "train/global_step": 60, "_timestamp": 1725052071.1950557, "_runtime": 324.0203847885132, "_step": 60, "train_runtime": 325.6746, "train_samples_per_second": 1.474, "train_steps_per_second": 0.184, "total_flos": 627380559544320.0, "train_loss": 0.5368631046692219, "_wandb": {"runtime": 323}}