{"train/loss": 2.3049, "train/grad_norm": 5.151228904724121, "train/learning_rate": 2.4e-05, "train/epoch": 0.0011580895658198137, "train/global_step": 7, "_timestamp": 1728103604.752782, "_runtime": 122.58271408081055, "_step": 6}