{"train/loss": 1.9816, "train/grad_norm": NaN, "train/learning_rate": 0.0, "train/epoch": 3.106554830692762e-05, "train/global_step": 1, "_timestamp": 1727943976.702033, "_runtime": 81.4445071220398, "_step": 0, "_wandb": {"runtime": 105}}