{"train/loss": 2.0825, "train/grad_norm": NaN, "train/learning_rate": 0.0, "train/epoch": 2.7958928334276946e-05, "train/global_step": 1, "_timestamp": 1727943394.7886055, "_runtime": 84.64493751525879, "_step": 0, "_wandb": {"runtime": 140}}