{"train/loss": 0.4318, "train/grad_norm": 6.0791335105896, "train/learning_rate": 3.5897435897435896e-06, "train/epoch": 0.021878845890879257, "train/global_step": 200, "_timestamp": 1726760765.2395866, "_runtime": 16557.962284564972, "_step": 211, "eval/loss": 1.0660185813903809, "eval/runtime": 980.033, "eval/samples_per_second": 0.428, "eval/steps_per_second": 0.428, "train_runtime": 15533.1561, "train_samples_per_second": 0.052, "train_steps_per_second": 0.013, "total_flos": 8439646727061504.0, "train_loss": 1.151047107875347, "_wandb": {"runtime": 16558}}