{"train/loss": 1.0782, "train/grad_norm": 1.8537044525146484, "train/learning_rate": 0.00012454854871407994, "train/epoch": 0.01625415589213151, "train/global_step": 77, "_timestamp": 1728259452.4061341, "_runtime": 3615.2806100845337, "_step": 77, "eval/loss": 1.0612136125564575, "eval/runtime": 768.1333, "eval/samples_per_second": 5.194, "eval/steps_per_second": 2.597, "_wandb": {"runtime": 3891}}