{"train/loss": 2.4674, "train/grad_norm": 11.727424621582031, "train/learning_rate": 9.567727288213005e-09, "train/epoch": 0.0009512878576377041, "train/global_step": 23, "_timestamp": 1727995699.036734, "_runtime": 46.70539712905884, "_step": 22, "_wandb": {"runtime": 47}}