{"train/loss": 1.613, "train/grad_norm": NaN, "train/learning_rate": 0.0, "train/epoch": 0.0003250711093051605, "train/global_step": 1, "_timestamp": 1726656896.7457607, "_runtime": 43.95522975921631, "_step": 0, "_wandb": {"runtime": 64}}