{"train/loss": 0.4236, "train/grad_norm": 3.143761396408081, "train/learning_rate": 2.8282828282828286e-06, "train/epoch": 0.01093960245484679, "train/global_step": 500, "_timestamp": 1726954654.131281, "_runtime": 45624.78100299835, "_step": 526, "eval/loss": 1.0542235374450684, "eval/runtime": 1123.0402, "eval/samples_per_second": 0.373, "eval/steps_per_second": 0.373, "train_runtime": 43723.7409, "train_samples_per_second": 0.046, "train_steps_per_second": 0.011, "total_flos": 2.0901921234518016e+16, "train_loss": 1.0237193246483802, "_wandb": {"runtime": 45624}}