{"train/loss": 1.0284, "train/grad_norm": 3.8963828086853027, "train/learning_rate": 9.102598026342224e-05, "train/epoch": 0.001793658888283187, "train/global_step": 51, "_timestamp": 1728102311.0276055, "_runtime": 280.7805824279785, "_step": 50, "_wandb": {"runtime": 432}}