{"train/loss": 1.0571, "train/grad_norm": 1.7540779113769531, "train/learning_rate": 0.0, "train/epoch": 0.11220196353436185, "train/global_step": 60, "_timestamp": 1725678884.2925007, "_runtime": 1598.9461297988892, "_step": 60, "train_runtime": 1600.5789, "train_samples_per_second": 0.3, "train_steps_per_second": 0.037, "total_flos": 2300485525880832.0, "train_loss": 1.4378454556067786, "_wandb": {"runtime": 1764}}