{"train/loss": 2.3549, "train/grad_norm": 3.54257869720459, "train/learning_rate": 4e-05, "train/epoch": 8.387678500283084e-05, "train/global_step": 3, "_timestamp": 1727952486.3501732, "_runtime": 679.2600831985474, "_step": 2, "_wandb": {"runtime": 697}}