{"train/loss": 2.3679, "train/grad_norm": 4.5837249755859375, "train/learning_rate": 0.0004, "train/epoch": 0.0001963503380907384, "train/global_step": 1, "_timestamp": 1728121446.4134753, "_runtime": 8.943664312362671, "_step": 0, "_wandb": {"runtime": 14}}