{"train/loss": 0.5065, "train/grad_norm": 0.7386378645896912, "train/learning_rate": 0.0, "train/epoch": 0.001203356270033147, "train/global_step": 110, "_timestamp": 1727275230.7532065, "_runtime": 5591.630979537964, "_step": 110, "train_runtime": 5593.2232, "train_samples_per_second": 0.039, "train_steps_per_second": 0.02, "total_flos": 7588176152272896.0, "train_loss": 0.5623924415219914, "_wandb": {"runtime": 5591}}