{"train/loss": 0.0009, "train/grad_norm": 0.02959144487977028, "train/learning_rate": 0.0, "train/epoch": 0.02925402242808386, "train/global_step": 60, "_timestamp": 1725613244.9743543, "_runtime": 257.2313013076782, "_step": 60, "train_runtime": 258.8501, "train_samples_per_second": 1.854, "train_steps_per_second": 0.232, "total_flos": 432676247961600.0, "train_loss": 0.6879649035137845, "_wandb": {"runtime": 329}}