{"train/loss": 1.9602, "train/grad_norm": NaN, "train/learning_rate": 0.0, "train/epoch": 2.7958928334276946e-05, "train/global_step": 1, "_timestamp": 1727942043.0886679, "_runtime": 75.2877299785614, "_step": 0, "_wandb": {"runtime": 135}}