{"train/loss": 1.2832, "train/grad_norm": 4.4773268699646, "train/learning_rate": 6.956521739130435e-06, "train/epoch": 0.03900853311661926, "train/global_step": 120, "_timestamp": 1726600927.3013124, "_runtime": 22408.43036556244, "_step": 121, "train_runtime": 4798.6213, "train_samples_per_second": 0.1, "train_steps_per_second": 0.025, "total_flos": 5972517880823808.0, "train_loss": 1.2865001658598583, "eval/loss": 1.1213337182998657, "eval/runtime": 17611.4145, "eval/samples_per_second": 0.233, "eval/steps_per_second": 0.233, "_wandb": {"runtime": 22408}}