{"train/loss": 1.4398, "train/grad_norm": 1.207822322845459, "train/learning_rate": 0.0, "train/epoch": 0.02925402242808386, "train/global_step": 60, "_timestamp": 1725634739.3309186, "_runtime": 4087.3367395401, "_step": 60, "train_runtime": 4089.2177, "train_samples_per_second": 0.117, "train_steps_per_second": 0.015, "total_flos": 9222944929726464.0, "train_loss": 1.4229595720767976, "_wandb": {"runtime": 4086}}