{"train/loss": 2.3, "train/grad_norm": NaN, "train/learning_rate": 0.0, "train/epoch": 2.187920490969358e-05, "train/global_step": 1, "_timestamp": 1726898564.7196763, "_runtime": 47.27864933013916, "_step": 0, "_wandb": {"runtime": 84}}