{"train/loss": 2.0998, "train/grad_norm": 1.0660125017166138, "train/learning_rate": 0.0001, "train/epoch": 2.187920490969358e-05, "train/global_step": 2, "_timestamp": 1727268201.0936005, "_runtime": 131.70502352714539, "_step": 1, "_wandb": {"runtime": 156}}