{"train/loss": 2.2813, "train/grad_norm": NaN, "train/learning_rate": 0.0, "train/epoch": 8.272068327284383e-05, "train/global_step": 2, "_timestamp": 1727992454.3749893, "_runtime": 323.91039419174194, "_step": 1, "_wandb": {"runtime": 349}}