{"train/loss": 0.0011, "train/grad_norm": 0.05406363308429718, "train/learning_rate": 0.0, "train/epoch": 0.00927357032457496, "train/global_step": 60, "_timestamp": 1725360910.8203685, "_runtime": 334.2617974281311, "_step": 60, "train_runtime": 335.8962, "train_samples_per_second": 1.429, "train_steps_per_second": 0.179, "total_flos": 432676247961600.0, "train_loss": 0.7876771186982903, "_wandb": {"runtime": 596}}