{"train/loss": 2.4807, "train/grad_norm": NaN, "train/learning_rate": 0.0, "train/epoch": 0.0014817558807186516, "train/global_step": 4, "_timestamp": 1727996214.6489367, "_runtime": 192.15485072135925, "_step": 3, "_wandb": {"runtime": 291}}