{"train/loss": 1.9269, "train/grad_norm": 0.8440003991127014, "train/learning_rate": 0.00012, "train/epoch": 0.0014627011214041932, "train/global_step": 3, "_timestamp": 1725625327.5993218, "_runtime": 241.1994879245758, "_step": 2, "_wandb": {"runtime": 277}}