{"train/loss": 1.1168, "train/grad_norm": 2.8274879455566406, "train/learning_rate": 0.00019842305779475968, "train/epoch": 0.00021879204909693582, "train/global_step": 10, "_timestamp": 1727308149.782614, "_runtime": 276.8523349761963, "_step": 9, "_wandb": {"runtime": 494}}