{"train/loss": 1.1173, "train/grad_norm": 3.840304136276245, "train/learning_rate": 0.017512035029540886, "train/epoch": 0.027292696994612637, "train/global_step": 139, "_timestamp": 1728122602.2537434, "_runtime": 1112.1161584854126, "_step": 138, "_wandb": {"runtime": 1113}}