{"train/loss": 2.408, "train/grad_norm": 1.5197341442108154, "train/learning_rate": 9.9e-06, "train/epoch": 0.00041360341636421916, "train/global_step": 5, "_timestamp": 1728057782.936109, "_runtime": 22.332834005355835, "_step": 4, "_wandb": {"runtime": 21}}