{"train/loss": 1.9202, "train/grad_norm": NaN, "train/learning_rate": 0.0, "train/epoch": 4.1360341636421915e-05, "train/global_step": 1, "_timestamp": 1727992653.6418889, "_runtime": 125.19702887535095, "_step": 0, "_wandb": {"runtime": 145}}