{"train/loss": 0.0039, "train/grad_norm": 0.22650296986103058, "train/learning_rate": 7.018903986483083e-07, "train/epoch": 0.001203356270033147, "train/global_step": 55, "_timestamp": 1727178038.0997257, "_runtime": 1999.85706782341, "_step": 55, "train_runtime": 2001.6091, "train_samples_per_second": 0.11, "train_steps_per_second": 0.027, "total_flos": 2556167292518400.0, "train_loss": 0.41398761912079696, "_wandb": {"runtime": 1999}}