{"train/loss": 1.8665, "train/grad_norm": 4.762434959411621, "train/learning_rate": 3.576536829081323e-08, "train/epoch": 0.0045496375800064106, "train/global_step": 110, "_timestamp": 1727995588.008529, "_runtime": 219.46851301193237, "_step": 110, "train_runtime": 221.0701, "train_samples_per_second": 1.99, "train_steps_per_second": 0.498, "total_flos": 3286893266288640.0, "train_loss": 2.1333277268843216, "_wandb": {"runtime": 218}}