{"train/loss": 0.4347, "train/grad_norm": 2.4233880043029785, "train/learning_rate": 5.0345761681491746e-08, "train/epoch": 0.01093960245484679, "train/global_step": 500, "_timestamp": 1727108360.8572807, "_runtime": 62113.42472267151, "_step": 521, "eval/loss": 0.9984046220779419, "eval/runtime": 2156.1649, "eval/samples_per_second": 0.388, "eval/steps_per_second": 0.388, "train_runtime": 59781.6858, "train_samples_per_second": 0.033, "train_steps_per_second": 0.008, "total_flos": 2.153030528028672e+16, "train_loss": 0.9930467538833618, "_wandb": {"runtime": 62113}}