{"train/loss": 0.7734, "train/grad_norm": 8.199453353881836, "train/learning_rate": 0.00019819286972627066, "train/epoch": 0.0017784946903661423, "train/global_step": 43, "_timestamp": 1727998162.4389453, "_runtime": 1262.602115392685, "_step": 42, "_wandb": {"runtime": 2364}}