{"train/loss": 2.3324, "train/grad_norm": 1.3801771402359009, "train/learning_rate": 9.996375239002369e-05, "train/epoch": 0.0007286698463169052, "train/global_step": 11, "_timestamp": 1728086322.6356757, "_runtime": 48.06799864768982, "_step": 10, "_wandb": {"runtime": 48}}