{"train/loss": 3.4736, "train/grad_norm": NaN, "train/learning_rate": 0.044800000000000006, "train/epoch": 0.004123357099905506, "train/global_step": 21, "_timestamp": 1728120825.505762, "_runtime": 163.3330521583557, "_step": 20, "_wandb": {"runtime": 165}}