{"train/loss": 2.4022, "train/grad_norm": 1.8930288553237915, "train/learning_rate": 9.870059584711668e-06, "train/epoch": 0.00271595124536301, "train/global_step": 41, "_timestamp": 1728086237.1238687, "_runtime": 167.2417757511139, "_step": 40, "_wandb": {"runtime": 169}}