{"eval/loss": 2.226020336151123, "eval/model_preparation_time": 0.005, "eval/runtime": 11672.0364, "eval/samples_per_second": 0.351, "eval/steps_per_second": 0.351, "train/global_step": 1, "_timestamp": 1726643851.3174186, "_runtime": 47.38413858413696, "_step": 1, "train/loss": 1.8014, "train/grad_norm": NaN, "train/learning_rate": 0.0, "train/epoch": 0.0003250711093051605, "_wandb": {"runtime": 5517}}