{"train/loss": 2.4444, "train/grad_norm": 4.964537620544434, "train/learning_rate": 6e-06, "train/epoch": 0.0006617654661827506, "train/global_step": 4, "_timestamp": 1728115306.138853, "_runtime": 31.761041164398193, "_step": 3, "_wandb": {"runtime": 33}}