{"train/loss": 2.0825, "train/grad_norm": NaN, "train/learning_rate": 0.0, "train/epoch": 2.7958928334276946e-05, "train/global_step": 1, "_timestamp": 1727943594.0805652, "_runtime": 82.03427219390869, "_step": 0, "_wandb": {"runtime": 87}}