{"train/loss": 1.0487, "train/grad_norm": 2.0848495960235596, "train/learning_rate": 0.0, "train/epoch": 0.006624271330153683, "train/global_step": 200, "_timestamp": 1728059985.9292796, "_runtime": 869.1358556747437, "_step": 200, "train_runtime": 870.741, "train_samples_per_second": 0.919, "train_steps_per_second": 0.23, "total_flos": 6536025429884928.0, "train_loss": 1.3249910122156143, "_wandb": {"runtime": 868}}