{"train/loss": 1.3314, "train/grad_norm": 2.9774563312530518, "train/learning_rate": 9.866800000000001e-05, "train/epoch": 0.005045961679643474, "train/global_step": 61, "_timestamp": 1728046466.2413752, "_runtime": 259.1689052581787, "_step": 60, "_wandb": {"runtime": 261}}