{"train/loss": 1.9675, "train/grad_norm": NaN, "train/learning_rate": 0.0002, "train/epoch": 0.00031065548306927616, "train/global_step": 10, "_timestamp": 1727943064.4802191, "_runtime": 522.8881680965424, "_step": 9, "_wandb": {"runtime": 552}}