{"train/loss": 0.9363, "train/grad_norm": 1.2411867380142212, "train/learning_rate": 0.0, "train/epoch": 0.10334315093267193, "train/global_step": 500, "_timestamp": 1728153696.6961784, "_runtime": 28118.496839523315, "_step": 520, "eval/loss": 1.000877857208252, "eval/runtime": 1209.337, "eval/samples_per_second": 3.37, "eval/steps_per_second": 3.37, "train_runtime": 28120.1131, "train_samples_per_second": 0.284, "train_steps_per_second": 0.018, "total_flos": 5.854039654578586e+16, "train_loss": 1.0942338027954102, "_wandb": {"runtime": 28117}}