{"train/loss": 2.1604, "train/grad_norm": 2.235194444656372, "train/learning_rate": 4.545454545454546e-05, "train/epoch": 8.387678500283084e-05, "train/global_step": 3, "_timestamp": 1727944783.50069, "_runtime": 196.50841093063354, "_step": 2}