{"train/loss": 2.2813, "train/grad_norm": NaN, "train/learning_rate": 0.0, "train/epoch": 8.272068327284383e-05, "train/global_step": 2, "_timestamp": 1727991961.3015058, "_runtime": 117.21334791183472, "_step": 1, "_wandb": {"runtime": 188}}