{"train/loss": 0.0011, "train/grad_norm": 0.054794926196336746, "train/learning_rate": 0.0, "train/epoch": 0.00927357032457496, "train/global_step": 60, "_timestamp": 1725060170.4876926, "_runtime": 290.5998966693878, "_step": 60, "train_runtime": 292.3193, "train_samples_per_second": 1.642, "train_steps_per_second": 0.205, "total_flos": 627380559544320.0, "train_loss": 0.5329445380504088, "_wandb": {"runtime": 434}}