{"train/loss": 1.9697, "train/grad_norm": NaN, "train/learning_rate": 0.00015000000000000001, "train/epoch": 0.00019543246412418336, "train/global_step": 7, "_timestamp": 1727936878.436741, "_runtime": 363.08099818229675, "_step": 6, "_wandb": {"runtime": 395}}