{"train/loss": 0.0003, "train/grad_norm": 0.018614720553159714, "train/learning_rate": 0.0, "train/epoch": 0.002406712540066294, "train/global_step": 110, "_timestamp": 1727618755.8446088, "_runtime": 13213.310415744781, "_step": 121, "eval/loss": 0.00035687387571670115, "eval/runtime": 699.5005, "eval/samples_per_second": 0.599, "eval/steps_per_second": 0.3, "train_runtime": 13214.9496, "train_samples_per_second": 0.033, "train_steps_per_second": 0.008, "total_flos": 1.014886293307392e+16, "train_loss": 0.2299196943881477, "_wandb": {"runtime": 13212}}