{"train/loss": 2.0654, "train/grad_norm": NaN, "train/learning_rate": 0.0, "train/epoch": 0.0001124132310372931, "train/global_step": 2, "_timestamp": 1727954134.462439, "_runtime": 304.518226146698, "_step": 1, "_wandb": {"runtime": 858}}