{"train/loss": 4.7763, "train/grad_norm": 6.6556854248046875, "train/learning_rate": 4e-05, "train/epoch": 0.0001545595054095827, "train/global_step": 1, "_timestamp": 1725360473.5040233, "_runtime": 5.780463218688965, "_step": 1, "train_runtime": 7.3972, "train_samples_per_second": 1.081, "train_steps_per_second": 0.135, "total_flos": 7211270799360.0, "train_loss": 4.776278018951416, "_wandb": {"runtime": 30}}